id,author_id,text_1,text_2,label
1,A1000,สิ่งแวดล้อมมีผลกระทบต่อวิถีชีวิตของประชาชนอย่างมาก โดยเฉพาะในพื้นที่ชนบท,การศึกษาพบว่าสิ่งแวดล้อมมีแนวโน้มเปลี่ยนแปลงในช่วง 5 ปีที่ผ่านมา,1
2,A1001,พลังงานทางเลือกมีผลกระทบต่อวิถีชีวิตของประชาชนอย่างมาก โดยเฉพาะในพื้นที่ชนบท,การศึกษาพบว่าพลังงานทางเลือกมีแนวโน้มเปลี่ยนแปลงในช่วง 5 ปีที่ผ่านมา,1
3,A1002,เศรษฐกิจไทยมีผลกระทบต่อวิถีชีวิตของประชาชนอย่างมาก โดยเฉพาะในพื้นที่ชนบท,การศึกษาพบว่าเศรษฐกิจไทยมีแนวโน้มเปลี่ยนแปลงในช่วง 5 ปีที่ผ่านมา,1
4,A1003,ภูมิอากาศมีผลกระทบต่อวิถีชีวิตของประชาชนอย่างมาก โดยเฉพาะในพื้นที่ชนบท,การศึกษาพบว่าภูมิอากาศมีแนวโน้มเปลี่ยนแปลงในช่วง 5 ปีที่ผ่านมา,1
5,A1004,ระบบการศึกษามีผลกระทบต่อวิถีชีวิตของประชาชนอย่างมาก โดยเฉพาะในพื้นที่ชนบท,การศึกษาพบว่าระบบการศึกษามีแนวโน้มเปลี่ยนแปลงในช่วง 5 ปีที่ผ่านมา,1
6,A1005,ระบบการศึกษามีผลกระทบต่อวิถีชีวิตของประชาชนอย่างมาก โดยเฉพาะในพื้นที่ชนบท,การศึกษาพบว่าระบบการศึกษามีแนวโน้มเปลี่ยนแปลงในช่วง 5 ปีที่ผ่านมา,1
7,A1006,สิ่งแวดล้อมมีผลกระทบต่อวิถีชีวิตของประชาชนอย่างมาก โดยเฉพาะในพื้นที่ชนบท,การศึกษาพบว่าสิ่งแวดล้อมมีแนวโน้มเปลี่ยนแปลงในช่วง 5 ปีที่ผ่านมา,1
8,A1007,นโยบายรัฐบาลมีผลกระทบต่อวิถีชีวิตของประชาชนอย่างมาก โดยเฉพาะในพื้นที่ชนบท,การศึกษาพบว่านโยบายรัฐบาลมีแนวโน้มเปลี่ยนแปลงในช่วง 5 ปีที่ผ่านมา,1
9,A1008,เศรษฐกิจไทยมีผลกระทบต่อวิถีชีวิตของประชาชนอย่างมาก โดยเฉพาะในพื้นที่ชนบท,การศึกษาพบว่าเศรษฐกิจไทยมีแนวโน้มเปลี่ยนแปลงในช่วง 5 ปีที่ผ่านมา,1
10,A1009,เศรษฐกิจไทยมีผลกระทบต่อวิถีชีวิตของประชาชนอย่างมาก โดยเฉพาะในพื้นที่ชนบท,การศึกษาพบว่าเศรษฐกิจไทยมีแนวโน้มเปลี่ยนแปลงในช่วง 5 ปีที่ผ่านมา,1
11,A1010,พลังงานทางเลือกมีผลกระทบต่อวิถีชีวิตของประชาชนอย่างมาก โดยเฉพาะในพื้นที่ชนบท,การศึกษาพบว่าพลังงานทางเลือกมีแนวโน้มเปลี่ยนแปลงในช่วง 5 ปีที่ผ่านมา,1
12,A1011,ระบบการศึกษามีผลกระทบต่อวิถีชีวิตของประชาชนอย่างมาก โดยเฉพาะในพื้นที่ชนบท,การศึกษาพบว่าระบบการศึกษามีแนวโน้มเปลี่ยนแปลงในช่วง 5 ปีที่ผ่านมา,1
13,A1012,สุขภาพจิตมีผลกระทบต่อวิถีชีวิตของประชาชนอย่างมาก โดยเฉพาะในพื้นที่ชนบท,การศึกษาพบว่าสุขภาพจิตมีแนวโน้มเปลี่ยนแปลงในช่วง 5 ปีที่ผ่านมา,1
14,A1013,ระบบการศึกษามีผลกระทบต่อวิถีชีวิตของประชาชนอย่างมาก โดยเฉพาะในพื้นที่ชนบท,การศึกษาพบว่าระบบการศึกษามีแนวโน้มเปลี่ยนแปลงในช่วง 5 ปีที่ผ่านมา,1
15,A1014,เศรษฐกิจไทยมีผลกระทบต่อวิถีชีวิตของประชาชนอย่างมาก โดยเฉพาะในพื้นที่ชนบท,การศึกษาพบว่าเศรษฐกิจไทยมีแนวโน้มเปลี่ยนแปลงในช่วง 5 ปีที่ผ่านมา,1
16,A1015,นโยบายรัฐบาลมีผลกระทบต่อวิถีชีวิตของประชาชนอย่างมาก โดยเฉพาะในพื้นที่ชนบท,การศึกษาพบว่านโยบายรัฐบาลมีแนวโน้มเปลี่ยนแปลงในช่วง 5 ปีที่ผ่านมา,1
17,A1016,ระบบการศึกษามีผลกระทบต่อวิถีชีวิตของประชาชนอย่างมาก โดยเฉพาะในพื้นที่ชนบท,การศึกษาพบว่าระบบการศึกษามีแนวโน้มเปลี่ยนแปลงในช่วง 5 ปีที่ผ่านมา,1
18,A1017,ระบบการศึกษามีผลกระทบต่อวิถีชีวิตของประชาชนอย่างมาก โดยเฉพาะในพื้นที่ชนบท,การศึกษาพบว่าระบบการศึกษามีแนวโน้มเปลี่ยนแปลงในช่วง 5 ปีที่ผ่านมา,1
19,A1018,นโยบายรัฐบาลมีผลกระทบต่อวิถีชีวิตของประชาชนอย่างมาก โดยเฉพาะในพื้นที่ชนบท,การศึกษาพบว่านโยบายรัฐบาลมีแนวโน้มเปลี่ยนแปลงในช่วง 5 ปีที่ผ่านมา,1
20,A1019,สิ่งแวดล้อมมีผลกระทบต่อวิถีชีวิตของประชาชนอย่างมาก โดยเฉพาะในพื้นที่ชนบท,การศึกษาพบว่าสิ่งแวดล้อมมีแนวโน้มเปลี่ยนแปลงในช่วง 5 ปีที่ผ่านมา,1
21,A1020,พลังงานทางเลือกมีผลกระทบต่อวิถีชีวิตของประชาชนอย่างมาก โดยเฉพาะในพื้นที่ชนบท,การศึกษาพบว่าพลังงานทางเลือกมีแนวโน้มเปลี่ยนแปลงในช่วง 5 ปีที่ผ่านมา,1
22,A1021,ระบบการศึกษามีผลกระทบต่อวิถีชีวิตของประชาชนอย่างมาก โดยเฉพาะในพื้นที่ชนบท,การศึกษาพบว่าระบบการศึกษามีแนวโน้มเปลี่ยนแปลงในช่วง 5 ปีที่ผ่านมา,1
23,A1022,พลังงานทางเลือกมีผลกระทบต่อวิถีชีวิตของประชาชนอย่างมาก โดยเฉพาะในพื้นที่ชนบท,การศึกษาพบว่าพลังงานทางเลือกมีแนวโน้มเปลี่ยนแปลงในช่วง 5 ปีที่ผ่านมา,1
24,A1023,ระบบการศึกษามีผลกระทบต่อวิถีชีวิตของประชาชนอย่างมาก โดยเฉพาะในพื้นที่ชนบท,การศึกษาพบว่าระบบการศึกษามีแนวโน้มเปลี่ยนแปลงในช่วง 5 ปีที่ผ่านมา,1
25,A1024,สิ่งแวดล้อมมีผลกระทบต่อวิถีชีวิตของประชาชนอย่างมาก โดยเฉพาะในพื้นที่ชนบท,การศึกษาพบว่าสิ่งแวดล้อมมีแนวโน้มเปลี่ยนแปลงในช่วง 5 ปีที่ผ่านมา,1
26,A1025,สุขภาพจิตมีผลกระทบต่อวิถีชีวิตของประชาชนอย่างมาก โดยเฉพาะในพื้นที่ชนบท,การศึกษาพบว่าสุขภาพจิตมีแนวโน้มเปลี่ยนแปลงในช่วง 5 ปีที่ผ่านมา,1
27,A1026,พลังงานทางเลือกมีผลกระทบต่อวิถีชีวิตของประชาชนอย่างมาก โดยเฉพาะในพื้นที่ชนบท,การศึกษาพบว่าพลังงานทางเลือกมีแนวโน้มเปลี่ยนแปลงในช่วง 5 ปีที่ผ่านมา,1
28,A1027,เศรษฐกิจไทยมีผลกระทบต่อวิถีชีวิตของประชาชนอย่างมาก โดยเฉพาะในพื้นที่ชนบท,การศึกษาพบว่าเศรษฐกิจไทยมีแนวโน้มเปลี่ยนแปลงในช่วง 5 ปีที่ผ่านมา,1
29,A1028,ระบบการศึกษามีผลกระทบต่อวิถีชีวิตของประชาชนอย่างมาก โดยเฉพาะในพื้นที่ชนบท,การศึกษาพบว่าระบบการศึกษามีแนวโน้มเปลี่ยนแปลงในช่วง 5 ปีที่ผ่านมา,1
30,A1029,นโยบายรัฐบาลมีผลกระทบต่อวิถีชีวิตของประชาชนอย่างมาก โดยเฉพาะในพื้นที่ชนบท,การศึกษาพบว่านโยบายรัฐบาลมีแนวโน้มเปลี่ยนแปลงในช่วง 5 ปีที่ผ่านมา,1
31,A1030,ภูมิอากาศมีผลกระทบต่อวิถีชีวิตของประชาชนอย่างมาก โดยเฉพาะในพื้นที่ชนบท,การศึกษาพบว่าภูมิอากาศมีแนวโน้มเปลี่ยนแปลงในช่วง 5 ปีที่ผ่านมา,1
32,A1031,เศรษฐกิจไทยมีผลกระทบต่อวิถีชีวิตของประชาชนอย่างมาก โดยเฉพาะในพื้นที่ชนบท,การศึกษาพบว่าเศรษฐกิจไทยมีแนวโน้มเปลี่ยนแปลงในช่วง 5 ปีที่ผ่านมา,1
33,A1032,นโยบายรัฐบาลมีผลกระทบต่อวิถีชีวิตของประชาชนอย่างมาก โดยเฉพาะในพื้นที่ชนบท,การศึกษาพบว่านโยบายรัฐบาลมีแนวโน้มเปลี่ยนแปลงในช่วง 5 ปีที่ผ่านมา,1
34,A1033,ระบบการศึกษามีผลกระทบต่อวิถีชีวิตของประชาชนอย่างมาก โดยเฉพาะในพื้นที่ชนบท,การศึกษาพบว่าระบบการศึกษามีแนวโน้มเปลี่ยนแปลงในช่วง 5 ปีที่ผ่านมา,1
35,A1034,ภูมิอากาศมีผลกระทบต่อวิถีชีวิตของประชาชนอย่างมาก โดยเฉพาะในพื้นที่ชนบท,การศึกษาพบว่าภูมิอากาศมีแนวโน้มเปลี่ยนแปลงในช่วง 5 ปีที่ผ่านมา,1
36,A1035,การเปลี่ยนแปลงสภาพภูมิอากาศมีผลกระทบต่อวิถีชีวิตของประชาชนอย่างมาก โดยเฉพาะในพื้นที่ชนบท,การศึกษาพบว่าการเปลี่ยนแปลงสภาพภูมิอากาศมีแนวโน้มเปลี่ยนแปลงในช่วง 5 ปีที่ผ่านมา,1
37,A1036,ระบบการศึกษามีผลกระทบต่อวิถีชีวิตของประชาชนอย่างมาก โดยเฉพาะในพื้นที่ชนบท,การศึกษาพบว่าระบบการศึกษามีแนวโน้มเปลี่ยนแปลงในช่วง 5 ปีที่ผ่านมา,1
38,A1037,นโยบายรัฐบาลมีผลกระทบต่อวิถีชีวิตของประชาชนอย่างมาก โดยเฉพาะในพื้นที่ชนบท,การศึกษาพบว่านโยบายรัฐบาลมีแนวโน้มเปลี่ยนแปลงในช่วง 5 ปีที่ผ่านมา,1
39,A1038,สิ่งแวดล้อมมีผลกระทบต่อวิถีชีวิตของประชาชนอย่างมาก โดยเฉพาะในพื้นที่ชนบท,การศึกษาพบว่าสิ่งแวดล้อมมีแนวโน้มเปลี่ยนแปลงในช่วง 5 ปีที่ผ่านมา,1
40,A1039,เกษตรกรรมมีผลกระทบต่อวิถีชีวิตของประชาชนอย่างมาก โดยเฉพาะในพื้นที่ชนบท,การศึกษาพบว่าเกษตรกรรมมีแนวโน้มเปลี่ยนแปลงในช่วง 5 ปีที่ผ่านมา,1
41,A1040,เกษตรกรรมมีผลกระทบต่อวิถีชีวิตของประชาชนอย่างมาก โดยเฉพาะในพื้นที่ชนบท,การศึกษาพบว่าเกษตรกรรมมีแนวโน้มเปลี่ยนแปลงในช่วง 5 ปีที่ผ่านมา,1
42,A1041,นโยบายรัฐบาลมีผลกระทบต่อวิถีชีวิตของประชาชนอย่างมาก โดยเฉพาะในพื้นที่ชนบท,การศึกษาพบว่านโยบายรัฐบาลมีแนวโน้มเปลี่ยนแปลงในช่วง 5 ปีที่ผ่านมา,1
43,A1042,ระบบการศึกษามีผลกระทบต่อวิถีชีวิตของประชาชนอย่างมาก โดยเฉพาะในพื้นที่ชนบท,การศึกษาพบว่าระบบการศึกษามีแนวโน้มเปลี่ยนแปลงในช่วง 5 ปีที่ผ่านมา,1
44,A1043,เทคโนโลยี AIมีผลกระทบต่อวิถีชีวิตของประชาชนอย่างมาก โดยเฉพาะในพื้นที่ชนบท,การศึกษาพบว่าเทคโนโลยี AIมีแนวโน้มเปลี่ยนแปลงในช่วง 5 ปีที่ผ่านมา,1
45,A1044,สิ่งแวดล้อมมีผลกระทบต่อวิถีชีวิตของประชาชนอย่างมาก โดยเฉพาะในพื้นที่ชนบท,การศึกษาพบว่าสิ่งแวดล้อมมีแนวโน้มเปลี่ยนแปลงในช่วง 5 ปีที่ผ่านมา,1
46,A1045,สิ่งแวดล้อมมีผลกระทบต่อวิถีชีวิตของประชาชนอย่างมาก โดยเฉพาะในพื้นที่ชนบท,การศึกษาพบว่าสิ่งแวดล้อมมีแนวโน้มเปลี่ยนแปลงในช่วง 5 ปีที่ผ่านมา,1
47,A1046,เกษตรกรรมมีผลกระทบต่อวิถีชีวิตของประชาชนอย่างมาก โดยเฉพาะในพื้นที่ชนบท,การศึกษาพบว่าเกษตรกรรมมีแนวโน้มเปลี่ยนแปลงในช่วง 5 ปีที่ผ่านมา,1
48,A1047,สิ่งแวดล้อมมีผลกระทบต่อวิถีชีวิตของประชาชนอย่างมาก โดยเฉพาะในพื้นที่ชนบท,การศึกษาพบว่าสิ่งแวดล้อมมีแนวโน้มเปลี่ยนแปลงในช่วง 5 ปีที่ผ่านมา,1
49,A1048,สิ่งแวดล้อมมีผลกระทบต่อวิถีชีวิตของประชาชนอย่างมาก โดยเฉพาะในพื้นที่ชนบท,การศึกษาพบว่าสิ่งแวดล้อมมีแนวโน้มเปลี่ยนแปลงในช่วง 5 ปีที่ผ่านมา,1
50,A1049,เศรษฐกิจไทยมีผลกระทบต่อวิถีชีวิตของประชาชนอย่างมาก โดยเฉพาะในพื้นที่ชนบท,การศึกษาพบว่าเศรษฐกิจไทยมีแนวโน้มเปลี่ยนแปลงในช่วง 5 ปีที่ผ่านมา,1
51,A1050,ระบบการศึกษามีผลกระทบต่อวิถีชีวิตของประชาชนอย่างมาก โดยเฉพาะในพื้นที่ชนบท,การศึกษาพบว่าระบบการศึกษามีแนวโน้มเปลี่ยนแปลงในช่วง 5 ปีที่ผ่านมา,1
52,A1051,ภูมิอากาศมีผลกระทบต่อวิถีชีวิตของประชาชนอย่างมาก โดยเฉพาะในพื้นที่ชนบท,การศึกษาพบว่าภูมิอากาศมีแนวโน้มเปลี่ยนแปลงในช่วง 5 ปีที่ผ่านมา,1
53,A1052,นโยบายรัฐบาลมีผลกระทบต่อวิถีชีวิตของประชาชนอย่างมาก โดยเฉพาะในพื้นที่ชนบท,การศึกษาพบว่านโยบายรัฐบาลมีแนวโน้มเปลี่ยนแปลงในช่วง 5 ปีที่ผ่านมา,1
54,A1053,เทคโนโลยี AIมีผลกระทบต่อวิถีชีวิตของประชาชนอย่างมาก โดยเฉพาะในพื้นที่ชนบท,การศึกษาพบว่าเทคโนโลยี AIมีแนวโน้มเปลี่ยนแปลงในช่วง 5 ปีที่ผ่านมา,1
55,A1054,เกษตรกรรมมีผลกระทบต่อวิถีชีวิตของประชาชนอย่างมาก โดยเฉพาะในพื้นที่ชนบท,การศึกษาพบว่าเกษตรกรรมมีแนวโน้มเปลี่ยนแปลงในช่วง 5 ปีที่ผ่านมา,1
56,A1055,เศรษฐกิจไทยมีผลกระทบต่อวิถีชีวิตของประชาชนอย่างมาก โดยเฉพาะในพื้นที่ชนบท,การศึกษาพบว่าเศรษฐกิจไทยมีแนวโน้มเปลี่ยนแปลงในช่วง 5 ปีที่ผ่านมา,1
57,A1056,การเปลี่ยนแปลงสภาพภูมิอากาศมีผลกระทบต่อวิถีชีวิตของประชาชนอย่างมาก โดยเฉพาะในพื้นที่ชนบท,การศึกษาพบว่าการเปลี่ยนแปลงสภาพภูมิอากาศมีแนวโน้มเปลี่ยนแปลงในช่วง 5 ปีที่ผ่านมา,1
58,A1057,การเปลี่ยนแปลงสภาพภูมิอากาศมีผลกระทบต่อวิถีชีวิตของประชาชนอย่างมาก โดยเฉพาะในพื้นที่ชนบท,การศึกษาพบว่าการเปลี่ยนแปลงสภาพภูมิอากาศมีแนวโน้มเปลี่ยนแปลงในช่วง 5 ปีที่ผ่านมา,1
59,A1058,เศรษฐกิจไทยมีผลกระทบต่อวิถีชีวิตของประชาชนอย่างมาก โดยเฉพาะในพื้นที่ชนบท,การศึกษาพบว่าเศรษฐกิจไทยมีแนวโน้มเปลี่ยนแปลงในช่วง 5 ปีที่ผ่านมา,1
60,A1059,เศรษฐกิจไทยมีผลกระทบต่อวิถีชีวิตของประชาชนอย่างมาก โดยเฉพาะในพื้นที่ชนบท,การศึกษาพบว่าเศรษฐกิจไทยมีแนวโน้มเปลี่ยนแปลงในช่วง 5 ปีที่ผ่านมา,1
61,A1060,เทคโนโลยี AIมีผลกระทบต่อวิถีชีวิตของประชาชนอย่างมาก โดยเฉพาะในพื้นที่ชนบท,การศึกษาพบว่าเทคโนโลยี AIมีแนวโน้มเปลี่ยนแปลงในช่วง 5 ปีที่ผ่านมา,1
62,A1061,เทคโนโลยี AIมีผลกระทบต่อวิถีชีวิตของประชาชนอย่างมาก โดยเฉพาะในพื้นที่ชนบท,การศึกษาพบว่าเทคโนโลยี AIมีแนวโน้มเปลี่ยนแปลงในช่วง 5 ปีที่ผ่านมา,1
63,A1062,สุขภาพจิตมีผลกระทบต่อวิถีชีวิตของประชาชนอย่างมาก โดยเฉพาะในพื้นที่ชนบท,การศึกษาพบว่าสุขภาพจิตมีแนวโน้มเปลี่ยนแปลงในช่วง 5 ปีที่ผ่านมา,1
64,A1063,ระบบการศึกษามีผลกระทบต่อวิถีชีวิตของประชาชนอย่างมาก โดยเฉพาะในพื้นที่ชนบท,การศึกษาพบว่าระบบการศึกษามีแนวโน้มเปลี่ยนแปลงในช่วง 5 ปีที่ผ่านมา,1
65,A1064,ภูมิอากาศมีผลกระทบต่อวิถีชีวิตของประชาชนอย่างมาก โดยเฉพาะในพื้นที่ชนบท,การศึกษาพบว่าภูมิอากาศมีแนวโน้มเปลี่ยนแปลงในช่วง 5 ปีที่ผ่านมา,1
66,A1065,ภูมิอากาศมีผลกระทบต่อวิถีชีวิตของประชาชนอย่างมาก โดยเฉพาะในพื้นที่ชนบท,การศึกษาพบว่าภูมิอากาศมีแนวโน้มเปลี่ยนแปลงในช่วง 5 ปีที่ผ่านมา,1
67,A1066,สิ่งแวดล้อมมีผลกระทบต่อวิถีชีวิตของประชาชนอย่างมาก โดยเฉพาะในพื้นที่ชนบท,การศึกษาพบว่าสิ่งแวดล้อมมีแนวโน้มเปลี่ยนแปลงในช่วง 5 ปีที่ผ่านมา,1
68,A1067,เกษตรกรรมมีผลกระทบต่อวิถีชีวิตของประชาชนอย่างมาก โดยเฉพาะในพื้นที่ชนบท,การศึกษาพบว่าเกษตรกรรมมีแนวโน้มเปลี่ยนแปลงในช่วง 5 ปีที่ผ่านมา,1
69,A1068,เศรษฐกิจไทยมีผลกระทบต่อวิถีชีวิตของประชาชนอย่างมาก โดยเฉพาะในพื้นที่ชนบท,การศึกษาพบว่าเศรษฐกิจไทยมีแนวโน้มเปลี่ยนแปลงในช่วง 5 ปีที่ผ่านมา,1
70,A1069,นโยบายรัฐบาลมีผลกระทบต่อวิถีชีวิตของประชาชนอย่างมาก โดยเฉพาะในพื้นที่ชนบท,การศึกษาพบว่านโยบายรัฐบาลมีแนวโน้มเปลี่ยนแปลงในช่วง 5 ปีที่ผ่านมา,1
71,A1070,เทคโนโลยี AIมีผลกระทบต่อวิถีชีวิตของประชาชนอย่างมาก โดยเฉพาะในพื้นที่ชนบท,การศึกษาพบว่าเทคโนโลยี AIมีแนวโน้มเปลี่ยนแปลงในช่วง 5 ปีที่ผ่านมา,1
72,A1071,เศรษฐกิจไทยมีผลกระทบต่อวิถีชีวิตของประชาชนอย่างมาก โดยเฉพาะในพื้นที่ชนบท,การศึกษาพบว่าเศรษฐกิจไทยมีแนวโน้มเปลี่ยนแปลงในช่วง 5 ปีที่ผ่านมา,1
73,A1072,ระบบการศึกษามีผลกระทบต่อวิถีชีวิตของประชาชนอย่างมาก โดยเฉพาะในพื้นที่ชนบท,การศึกษาพบว่าระบบการศึกษามีแนวโน้มเปลี่ยนแปลงในช่วง 5 ปีที่ผ่านมา,1
74,A1073,เศรษฐกิจไทยมีผลกระทบต่อวิถีชีวิตของประชาชนอย่างมาก โดยเฉพาะในพื้นที่ชนบท,การศึกษาพบว่าเศรษฐกิจไทยมีแนวโน้มเปลี่ยนแปลงในช่วง 5 ปีที่ผ่านมา,1
75,A1074,เกษตรกรรมมีผลกระทบต่อวิถีชีวิตของประชาชนอย่างมาก โดยเฉพาะในพื้นที่ชนบท,การศึกษาพบว่าเกษตรกรรมมีแนวโน้มเปลี่ยนแปลงในช่วง 5 ปีที่ผ่านมา,1
76,A1075,เศรษฐกิจไทยมีผลกระทบต่อวิถีชีวิตของประชาชนอย่างมาก โดยเฉพาะในพื้นที่ชนบท,การศึกษาพบว่าเศรษฐกิจไทยมีแนวโน้มเปลี่ยนแปลงในช่วง 5 ปีที่ผ่านมา,1
77,A1076,พลังงานทางเลือกมีผลกระทบต่อวิถีชีวิตของประชาชนอย่างมาก โดยเฉพาะในพื้นที่ชนบท,การศึกษาพบว่าพลังงานทางเลือกมีแนวโน้มเปลี่ยนแปลงในช่วง 5 ปีที่ผ่านมา,1
78,A1077,เทคโนโลยี AIมีผลกระทบต่อวิถีชีวิตของประชาชนอย่างมาก โดยเฉพาะในพื้นที่ชนบท,การศึกษาพบว่าเทคโนโลยี AIมีแนวโน้มเปลี่ยนแปลงในช่วง 5 ปีที่ผ่านมา,1
79,A1078,เทคโนโลยี AIมีผลกระทบต่อวิถีชีวิตของประชาชนอย่างมาก โดยเฉพาะในพื้นที่ชนบท,การศึกษาพบว่าเทคโนโลยี AIมีแนวโน้มเปลี่ยนแปลงในช่วง 5 ปีที่ผ่านมา,1
80,A1079,เศรษฐกิจไทยมีผลกระทบต่อวิถีชีวิตของประชาชนอย่างมาก โดยเฉพาะในพื้นที่ชนบท,การศึกษาพบว่าเศรษฐกิจไทยมีแนวโน้มเปลี่ยนแปลงในช่วง 5 ปีที่ผ่านมา,1
81,A1080,เทคโนโลยี AIมีผลกระทบต่อวิถีชีวิตของประชาชนอย่างมาก โดยเฉพาะในพื้นที่ชนบท,การศึกษาพบว่าเทคโนโลยี AIมีแนวโน้มเปลี่ยนแปลงในช่วง 5 ปีที่ผ่านมา,1
82,A1081,สิ่งแวดล้อมมีผลกระทบต่อวิถีชีวิตของประชาชนอย่างมาก โดยเฉพาะในพื้นที่ชนบท,การศึกษาพบว่าสิ่งแวดล้อมมีแนวโน้มเปลี่ยนแปลงในช่วง 5 ปีที่ผ่านมา,1
83,A1082,ระบบการศึกษามีผลกระทบต่อวิถีชีวิตของประชาชนอย่างมาก โดยเฉพาะในพื้นที่ชนบท,การศึกษาพบว่าระบบการศึกษามีแนวโน้มเปลี่ยนแปลงในช่วง 5 ปีที่ผ่านมา,1
84,A1083,การเปลี่ยนแปลงสภาพภูมิอากาศมีผลกระทบต่อวิถีชีวิตของประชาชนอย่างมาก โดยเฉพาะในพื้นที่ชนบท,การศึกษาพบว่าการเปลี่ยนแปลงสภาพภูมิอากาศมีแนวโน้มเปลี่ยนแปลงในช่วง 5 ปีที่ผ่านมา,1
85,A1084,พลังงานทางเลือกมีผลกระทบต่อวิถีชีวิตของประชาชนอย่างมาก โดยเฉพาะในพื้นที่ชนบท,การศึกษาพบว่าพลังงานทางเลือกมีแนวโน้มเปลี่ยนแปลงในช่วง 5 ปีที่ผ่านมา,1
86,A1085,ภูมิอากาศมีผลกระทบต่อวิถีชีวิตของประชาชนอย่างมาก โดยเฉพาะในพื้นที่ชนบท,การศึกษาพบว่าภูมิอากาศมีแนวโน้มเปลี่ยนแปลงในช่วง 5 ปีที่ผ่านมา,1
87,A1086,การเปลี่ยนแปลงสภาพภูมิอากาศมีผลกระทบต่อวิถีชีวิตของประชาชนอย่างมาก โดยเฉพาะในพื้นที่ชนบท,การศึกษาพบว่าการเปลี่ยนแปลงสภาพภูมิอากาศมีแนวโน้มเปลี่ยนแปลงในช่วง 5 ปีที่ผ่านมา,1
88,A1087,นโยบายรัฐบาลมีผลกระทบต่อวิถีชีวิตของประชาชนอย่างมาก โดยเฉพาะในพื้นที่ชนบท,การศึกษาพบว่านโยบายรัฐบาลมีแนวโน้มเปลี่ยนแปลงในช่วง 5 ปีที่ผ่านมา,1
89,A1088,เทคโนโลยี AIมีผลกระทบต่อวิถีชีวิตของประชาชนอย่างมาก โดยเฉพาะในพื้นที่ชนบท,การศึกษาพบว่าเทคโนโลยี AIมีแนวโน้มเปลี่ยนแปลงในช่วง 5 ปีที่ผ่านมา,1
90,A1089,การเปลี่ยนแปลงสภาพภูมิอากาศมีผลกระทบต่อวิถีชีวิตของประชาชนอย่างมาก โดยเฉพาะในพื้นที่ชนบท,การศึกษาพบว่าการเปลี่ยนแปลงสภาพภูมิอากาศมีแนวโน้มเปลี่ยนแปลงในช่วง 5 ปีที่ผ่านมา,1
91,A1090,สิ่งแวดล้อมมีผลกระทบต่อวิถีชีวิตของประชาชนอย่างมาก โดยเฉพาะในพื้นที่ชนบท,การศึกษาพบว่าสิ่งแวดล้อมมีแนวโน้มเปลี่ยนแปลงในช่วง 5 ปีที่ผ่านมา,1
92,A1091,เทคโนโลยี AIมีผลกระทบต่อวิถีชีวิตของประชาชนอย่างมาก โดยเฉพาะในพื้นที่ชนบท,การศึกษาพบว่าเทคโนโลยี AIมีแนวโน้มเปลี่ยนแปลงในช่วง 5 ปีที่ผ่านมา,1
93,A1092,ภูมิอากาศมีผลกระทบต่อวิถีชีวิตของประชาชนอย่างมาก โดยเฉพาะในพื้นที่ชนบท,การศึกษาพบว่าภูมิอากาศมีแนวโน้มเปลี่ยนแปลงในช่วง 5 ปีที่ผ่านมา,1
94,A1093,เทคโนโลยี AIมีผลกระทบต่อวิถีชีวิตของประชาชนอย่างมาก โดยเฉพาะในพื้นที่ชนบท,การศึกษาพบว่าเทคโนโลยี AIมีแนวโน้มเปลี่ยนแปลงในช่วง 5 ปีที่ผ่านมา,1
95,A1094,ระบบการศึกษามีผลกระทบต่อวิถีชีวิตของประชาชนอย่างมาก โดยเฉพาะในพื้นที่ชนบท,การศึกษาพบว่าระบบการศึกษามีแนวโน้มเปลี่ยนแปลงในช่วง 5 ปีที่ผ่านมา,1
96,A1095,ภูมิอากาศมีผลกระทบต่อวิถีชีวิตของประชาชนอย่างมาก โดยเฉพาะในพื้นที่ชนบท,การศึกษาพบว่าภูมิอากาศมีแนวโน้มเปลี่ยนแปลงในช่วง 5 ปีที่ผ่านมา,1
97,A1096,ภูมิอากาศมีผลกระทบต่อวิถีชีวิตของประชาชนอย่างมาก โดยเฉพาะในพื้นที่ชนบท,การศึกษาพบว่าภูมิอากาศมีแนวโน้มเปลี่ยนแปลงในช่วง 5 ปีที่ผ่านมา,1
98,A1097,ระบบการศึกษามีผลกระทบต่อวิถีชีวิตของประชาชนอย่างมาก โดยเฉพาะในพื้นที่ชนบท,การศึกษาพบว่าระบบการศึกษามีแนวโน้มเปลี่ยนแปลงในช่วง 5 ปีที่ผ่านมา,1
99,A1098,นโยบายรัฐบาลมีผลกระทบต่อวิถีชีวิตของประชาชนอย่างมาก โดยเฉพาะในพื้นที่ชนบท,การศึกษาพบว่านโยบายรัฐบาลมีแนวโน้มเปลี่ยนแปลงในช่วง 5 ปีที่ผ่านมา,1
100,A1099,เทคโนโลยี AIมีผลกระทบต่อวิถีชีวิตของประชาชนอย่างมาก โดยเฉพาะในพื้นที่ชนบท,การศึกษาพบว่าเทคโนโลยี AIมีแนวโน้มเปลี่ยนแปลงในช่วง 5 ปีที่ผ่านมา,1
101,B2000,นักวิจัยเสนอว่าเกษตรกรรมควรได้รับความสนใจจากภาครัฐเพื่อการพัฒนาที่ยั่งยืน,การพัฒนาสุขภาพจิตสามารถสร้างโอกาสทางเศรษฐกิจและสังคมได้พร้อมกัน,0
102,B2001,นักวิจัยเสนอว่าพลังงานทางเลือกควรได้รับความสนใจจากภาครัฐเพื่อการพัฒนาที่ยั่งยืน,การพัฒนาระบบการศึกษาสามารถสร้างโอกาสทางเศรษฐกิจและสังคมได้พร้อมกัน,0
103,B2002,นักวิจัยเสนอว่าพลังงานทางเลือกควรได้รับความสนใจจากภาครัฐเพื่อการพัฒนาที่ยั่งยืน,การพัฒนาการเปลี่ยนแปลงสภาพภูมิอากาศสามารถสร้างโอกาสทางเศรษฐกิจและสังคมได้พร้อมกัน,0
104,B2003,นักวิจัยเสนอว่าสิ่งแวดล้อมควรได้รับความสนใจจากภาครัฐเพื่อการพัฒนาที่ยั่งยืน,การพัฒนาพลังงานทางเลือกสามารถสร้างโอกาสทางเศรษฐกิจและสังคมได้พร้อมกัน,0
105,B2004,นักวิจัยเสนอว่าเศรษฐกิจไทยควรได้รับความสนใจจากภาครัฐเพื่อการพัฒนาที่ยั่งยืน,การพัฒนาการเปลี่ยนแปลงสภาพภูมิอากาศสามารถสร้างโอกาสทางเศรษฐกิจและสังคมได้พร้อมกัน,0
106,B2005,นักวิจัยเสนอว่าเทคโนโลยี AIควรได้รับความสนใจจากภาครัฐเพื่อการพัฒนาที่ยั่งยืน,การพัฒนาระบบการศึกษาสามารถสร้างโอกาสทางเศรษฐกิจและสังคมได้พร้อมกัน,0
107,B2006,นักวิจัยเสนอว่านโยบายรัฐบาลควรได้รับความสนใจจากภาครัฐเพื่อการพัฒนาที่ยั่งยืน,การพัฒนาระบบการศึกษาสามารถสร้างโอกาสทางเศรษฐกิจและสังคมได้พร้อมกัน,0
108,B2007,นักวิจัยเสนอว่าพลังงานทางเลือกควรได้รับความสนใจจากภาครัฐเพื่อการพัฒนาที่ยั่งยืน,การพัฒนาภูมิอากาศสามารถสร้างโอกาสทางเศรษฐกิจและสังคมได้พร้อมกัน,0
109,B2008,นักวิจัยเสนอว่าพลังงานทางเลือกควรได้รับความสนใจจากภาครัฐเพื่อการพัฒนาที่ยั่งยืน,การพัฒนาภูมิอากาศสามารถสร้างโอกาสทางเศรษฐกิจและสังคมได้พร้อมกัน,0
110,B2009,นักวิจัยเสนอว่าสุขภาพจิตควรได้รับความสนใจจากภาครัฐเพื่อการพัฒนาที่ยั่งยืน,การพัฒนาการเปลี่ยนแปลงสภาพภูมิอากาศสามารถสร้างโอกาสทางเศรษฐกิจและสังคมได้พร้อมกัน,0
111,B2010,นักวิจัยเสนอว่าสิ่งแวดล้อมควรได้รับความสนใจจากภาครัฐเพื่อการพัฒนาที่ยั่งยืน,การพัฒนาเศรษฐกิจไทยสามารถสร้างโอกาสทางเศรษฐกิจและสังคมได้พร้อมกัน,0
112,B2011,นักวิจัยเสนอว่าระบบการศึกษาควรได้รับความสนใจจากภาครัฐเพื่อการพัฒนาที่ยั่งยืน,การพัฒนาเทคโนโลยี AIสามารถสร้างโอกาสทางเศรษฐกิจและสังคมได้พร้อมกัน,0
113,B2012,นักวิจัยเสนอว่าสิ่งแวดล้อมควรได้รับความสนใจจากภาครัฐเพื่อการพัฒนาที่ยั่งยืน,การพัฒนาเศรษฐกิจไทยสามารถสร้างโอกาสทางเศรษฐกิจและสังคมได้พร้อมกัน,0
114,B2013,นักวิจัยเสนอว่าภูมิอากาศควรได้รับความสนใจจากภาครัฐเพื่อการพัฒนาที่ยั่งยืน,การพัฒนาพลังงานทางเลือกสามารถสร้างโอกาสทางเศรษฐกิจและสังคมได้พร้อมกัน,0
115,B2014,นักวิจัยเสนอว่าพลังงานทางเลือกควรได้รับความสนใจจากภาครัฐเพื่อการพัฒนาที่ยั่งยืน,การพัฒนาการเปลี่ยนแปลงสภาพภูมิอากาศสามารถสร้างโอกาสทางเศรษฐกิจและสังคมได้พร้อมกัน,0
116,B2015,นักวิจัยเสนอว่าเศรษฐกิจไทยควรได้รับความสนใจจากภาครัฐเพื่อการพัฒนาที่ยั่งยืน,การพัฒนาภูมิอากาศสามารถสร้างโอกาสทางเศรษฐกิจและสังคมได้พร้อมกัน,0
117,B2016,นักวิจัยเสนอว่าเศรษฐกิจไทยควรได้รับความสนใจจากภาครัฐเพื่อการพัฒนาที่ยั่งยืน,การพัฒนาระบบการศึกษาสามารถสร้างโอกาสทางเศรษฐกิจและสังคมได้พร้อมกัน,0
118,B2017,นักวิจัยเสนอว่าพลังงานทางเลือกควรได้รับความสนใจจากภาครัฐเพื่อการพัฒนาที่ยั่งยืน,การพัฒนาสิ่งแวดล้อมสามารถสร้างโอกาสทางเศรษฐกิจและสังคมได้พร้อมกัน,0
119,B2018,นักวิจัยเสนอว่าเศรษฐกิจไทยควรได้รับความสนใจจากภาครัฐเพื่อการพัฒนาที่ยั่งยืน,การพัฒนาเกษตรกรรมสามารถสร้างโอกาสทางเศรษฐกิจและสังคมได้พร้อมกัน,0
120,B2019,นักวิจัยเสนอว่าสุขภาพจิตควรได้รับความสนใจจากภาครัฐเพื่อการพัฒนาที่ยั่งยืน,การพัฒนาภูมิอากาศสามารถสร้างโอกาสทางเศรษฐกิจและสังคมได้พร้อมกัน,0
121,B2020,นักวิจัยเสนอว่าระบบการศึกษาควรได้รับความสนใจจากภาครัฐเพื่อการพัฒนาที่ยั่งยืน,การพัฒนาการเปลี่ยนแปลงสภาพภูมิอากาศสามารถสร้างโอกาสทางเศรษฐกิจและสังคมได้พร้อมกัน,0
122,B2021,นักวิจัยเสนอว่าระบบการศึกษาควรได้รับความสนใจจากภาครัฐเพื่อการพัฒนาที่ยั่งยืน,การพัฒนาการเปลี่ยนแปลงสภาพภูมิอากาศสามารถสร้างโอกาสทางเศรษฐกิจและสังคมได้พร้อมกัน,0
123,B2022,นักวิจัยเสนอว่าเทคโนโลยี AIควรได้รับความสนใจจากภาครัฐเพื่อการพัฒนาที่ยั่งยืน,การพัฒนาสิ่งแวดล้อมสามารถสร้างโอกาสทางเศรษฐกิจและสังคมได้พร้อมกัน,0
124,B2023,นักวิจัยเสนอว่าพลังงานทางเลือกควรได้รับความสนใจจากภาครัฐเพื่อการพัฒนาที่ยั่งยืน,การพัฒนาการเปลี่ยนแปลงสภาพภูมิอากาศสามารถสร้างโอกาสทางเศรษฐกิจและสังคมได้พร้อมกัน,0
125,B2024,นักวิจัยเสนอว่าภูมิอากาศควรได้รับความสนใจจากภาครัฐเพื่อการพัฒนาที่ยั่งยืน,การพัฒนาพลังงานทางเลือกสามารถสร้างโอกาสทางเศรษฐกิจและสังคมได้พร้อมกัน,0
126,B2025,นักวิจัยเสนอว่าสิ่งแวดล้อมควรได้รับความสนใจจากภาครัฐเพื่อการพัฒนาที่ยั่งยืน,การพัฒนาระบบการศึกษาสามารถสร้างโอกาสทางเศรษฐกิจและสังคมได้พร้อมกัน,0
127,B2026,นักวิจัยเสนอว่าเกษตรกรรมควรได้รับความสนใจจากภาครัฐเพื่อการพัฒนาที่ยั่งยืน,การพัฒนาสิ่งแวดล้อมสามารถสร้างโอกาสทางเศรษฐกิจและสังคมได้พร้อมกัน,0
128,B2027,นักวิจัยเสนอว่าระบบการศึกษาควรได้รับความสนใจจากภาครัฐเพื่อการพัฒนาที่ยั่งยืน,การพัฒนาสุขภาพจิตสามารถสร้างโอกาสทางเศรษฐกิจและสังคมได้พร้อมกัน,0
129,B2028,นักวิจัยเสนอว่าสิ่งแวดล้อมควรได้รับความสนใจจากภาครัฐเพื่อการพัฒนาที่ยั่งยืน,การพัฒนานโยบายรัฐบาลสามารถสร้างโอกาสทางเศรษฐกิจและสังคมได้พร้อมกัน,0
130,B2029,นักวิจัยเสนอว่าการเปลี่ยนแปลงสภาพภูมิอากาศควรได้รับความสนใจจากภาครัฐเพื่อการพัฒนาที่ยั่งยืน,การพัฒนาภูมิอากาศสามารถสร้างโอกาสทางเศรษฐกิจและสังคมได้พร้อมกัน,0
131,B2030,นักวิจัยเสนอว่าเศรษฐกิจไทยควรได้รับความสนใจจากภาครัฐเพื่อการพัฒนาที่ยั่งยืน,การพัฒนาสิ่งแวดล้อมสามารถสร้างโอกาสทางเศรษฐกิจและสังคมได้พร้อมกัน,0
132,B2031,นักวิจัยเสนอว่านโยบายรัฐบาลควรได้รับความสนใจจากภาครัฐเพื่อการพัฒนาที่ยั่งยืน,การพัฒนาระบบการศึกษาสามารถสร้างโอกาสทางเศรษฐกิจและสังคมได้พร้อมกัน,0
133,B2032,นักวิจัยเสนอว่าเศรษฐกิจไทยควรได้รับความสนใจจากภาครัฐเพื่อการพัฒนาที่ยั่งยืน,การพัฒนาพลังงานทางเลือกสามารถสร้างโอกาสทางเศรษฐกิจและสังคมได้พร้อมกัน,0
134,B2033,นักวิจัยเสนอว่าเศรษฐกิจไทยควรได้รับความสนใจจากภาครัฐเพื่อการพัฒนาที่ยั่งยืน,การพัฒนานโยบายรัฐบาลสามารถสร้างโอกาสทางเศรษฐกิจและสังคมได้พร้อมกัน,0
135,B2034,นักวิจัยเสนอว่าการเปลี่ยนแปลงสภาพภูมิอากาศควรได้รับความสนใจจากภาครัฐเพื่อการพัฒนาที่ยั่งยืน,การพัฒนานโยบายรัฐบาลสามารถสร้างโอกาสทางเศรษฐกิจและสังคมได้พร้อมกัน,0
136,B2035,นักวิจัยเสนอว่านโยบายรัฐบาลควรได้รับความสนใจจากภาครัฐเพื่อการพัฒนาที่ยั่งยืน,การพัฒนาเศรษฐกิจไทยสามารถสร้างโอกาสทางเศรษฐกิจและสังคมได้พร้อมกัน,0
137,B2036,นักวิจัยเสนอว่าสุขภาพจิตควรได้รับความสนใจจากภาครัฐเพื่อการพัฒนาที่ยั่งยืน,การพัฒนานโยบายรัฐบาลสามารถสร้างโอกาสทางเศรษฐกิจและสังคมได้พร้อมกัน,0
138,B2037,นักวิจัยเสนอว่าเกษตรกรรมควรได้รับความสนใจจากภาครัฐเพื่อการพัฒนาที่ยั่งยืน,การพัฒนาพลังงานทางเลือกสามารถสร้างโอกาสทางเศรษฐกิจและสังคมได้พร้อมกัน,0
139,B2038,นักวิจัยเสนอว่าระบบการศึกษาควรได้รับความสนใจจากภาครัฐเพื่อการพัฒนาที่ยั่งยืน,การพัฒนาการเปลี่ยนแปลงสภาพภูมิอากาศสามารถสร้างโอกาสทางเศรษฐกิจและสังคมได้พร้อมกัน,0
140,B2039,นักวิจัยเสนอว่าเทคโนโลยี AIควรได้รับความสนใจจากภาครัฐเพื่อการพัฒนาที่ยั่งยืน,การพัฒนานโยบายรัฐบาลสามารถสร้างโอกาสทางเศรษฐกิจและสังคมได้พร้อมกัน,0
141,B2040,นักวิจัยเสนอว่าภูมิอากาศควรได้รับความสนใจจากภาครัฐเพื่อการพัฒนาที่ยั่งยืน,การพัฒนาเศรษฐกิจไทยสามารถสร้างโอกาสทางเศรษฐกิจและสังคมได้พร้อมกัน,0
142,B2041,นักวิจัยเสนอว่าเศรษฐกิจไทยควรได้รับความสนใจจากภาครัฐเพื่อการพัฒนาที่ยั่งยืน,การพัฒนาพลังงานทางเลือกสามารถสร้างโอกาสทางเศรษฐกิจและสังคมได้พร้อมกัน,0
143,B2042,นักวิจัยเสนอว่าเศรษฐกิจไทยควรได้รับความสนใจจากภาครัฐเพื่อการพัฒนาที่ยั่งยืน,การพัฒนาภูมิอากาศสามารถสร้างโอกาสทางเศรษฐกิจและสังคมได้พร้อมกัน,0
144,B2043,นักวิจัยเสนอว่าภูมิอากาศควรได้รับความสนใจจากภาครัฐเพื่อการพัฒนาที่ยั่งยืน,การพัฒนาเศรษฐกิจไทยสามารถสร้างโอกาสทางเศรษฐกิจและสังคมได้พร้อมกัน,0
145,B2044,นักวิจัยเสนอว่าเศรษฐกิจไทยควรได้รับความสนใจจากภาครัฐเพื่อการพัฒนาที่ยั่งยืน,การพัฒนานโยบายรัฐบาลสามารถสร้างโอกาสทางเศรษฐกิจและสังคมได้พร้อมกัน,0
146,B2045,นักวิจัยเสนอว่าสุขภาพจิตควรได้รับความสนใจจากภาครัฐเพื่อการพัฒนาที่ยั่งยืน,การพัฒนาภูมิอากาศสามารถสร้างโอกาสทางเศรษฐกิจและสังคมได้พร้อมกัน,0
147,B2046,นักวิจัยเสนอว่าสิ่งแวดล้อมควรได้รับความสนใจจากภาครัฐเพื่อการพัฒนาที่ยั่งยืน,การพัฒนาการเปลี่ยนแปลงสภาพภูมิอากาศสามารถสร้างโอกาสทางเศรษฐกิจและสังคมได้พร้อมกัน,0
148,B2047,นักวิจัยเสนอว่าระบบการศึกษาควรได้รับความสนใจจากภาครัฐเพื่อการพัฒนาที่ยั่งยืน,การพัฒนาเทคโนโลยี AIสามารถสร้างโอกาสทางเศรษฐกิจและสังคมได้พร้อมกัน,0
149,B2048,นักวิจัยเสนอว่าระบบการศึกษาควรได้รับความสนใจจากภาครัฐเพื่อการพัฒนาที่ยั่งยืน,การพัฒนาเศรษฐกิจไทยสามารถสร้างโอกาสทางเศรษฐกิจและสังคมได้พร้อมกัน,0
150,B2049,นักวิจัยเสนอว่าเศรษฐกิจไทยควรได้รับความสนใจจากภาครัฐเพื่อการพัฒนาที่ยั่งยืน,การพัฒนาภูมิอากาศสามารถสร้างโอกาสทางเศรษฐกิจและสังคมได้พร้อมกัน,0
151,B2050,นักวิจัยเสนอว่าพลังงานทางเลือกควรได้รับความสนใจจากภาครัฐเพื่อการพัฒนาที่ยั่งยืน,การพัฒนานโยบายรัฐบาลสามารถสร้างโอกาสทางเศรษฐกิจและสังคมได้พร้อมกัน,0
152,B2051,นักวิจัยเสนอว่าระบบการศึกษาควรได้รับความสนใจจากภาครัฐเพื่อการพัฒนาที่ยั่งยืน,การพัฒนาสิ่งแวดล้อมสามารถสร้างโอกาสทางเศรษฐกิจและสังคมได้พร้อมกัน,0
153,B2052,นักวิจัยเสนอว่านโยบายรัฐบาลควรได้รับความสนใจจากภาครัฐเพื่อการพัฒนาที่ยั่งยืน,การพัฒนาสุขภาพจิตสามารถสร้างโอกาสทางเศรษฐกิจและสังคมได้พร้อมกัน,0
154,B2053,นักวิจัยเสนอว่าเศรษฐกิจไทยควรได้รับความสนใจจากภาครัฐเพื่อการพัฒนาที่ยั่งยืน,การพัฒนานโยบายรัฐบาลสามารถสร้างโอกาสทางเศรษฐกิจและสังคมได้พร้อมกัน,0
155,B2054,นักวิจัยเสนอว่านโยบายรัฐบาลควรได้รับความสนใจจากภาครัฐเพื่อการพัฒนาที่ยั่งยืน,การพัฒนาสิ่งแวดล้อมสามารถสร้างโอกาสทางเศรษฐกิจและสังคมได้พร้อมกัน,0
156,B2055,นักวิจัยเสนอว่านโยบายรัฐบาลควรได้รับความสนใจจากภาครัฐเพื่อการพัฒนาที่ยั่งยืน,การพัฒนาการเปลี่ยนแปลงสภาพภูมิอากาศสามารถสร้างโอกาสทางเศรษฐกิจและสังคมได้พร้อมกัน,0
157,B2056,นักวิจัยเสนอว่าเทคโนโลยี AIควรได้รับความสนใจจากภาครัฐเพื่อการพัฒนาที่ยั่งยืน,การพัฒนาเกษตรกรรมสามารถสร้างโอกาสทางเศรษฐกิจและสังคมได้พร้อมกัน,0
158,B2057,นักวิจัยเสนอว่าระบบการศึกษาควรได้รับความสนใจจากภาครัฐเพื่อการพัฒนาที่ยั่งยืน,การพัฒนาเกษตรกรรมสามารถสร้างโอกาสทางเศรษฐกิจและสังคมได้พร้อมกัน,0
159,B2058,นักวิจัยเสนอว่าภูมิอากาศควรได้รับความสนใจจากภาครัฐเพื่อการพัฒนาที่ยั่งยืน,การพัฒนาเศรษฐกิจไทยสามารถสร้างโอกาสทางเศรษฐกิจและสังคมได้พร้อมกัน,0
160,B2059,นักวิจัยเสนอว่าเศรษฐกิจไทยควรได้รับความสนใจจากภาครัฐเพื่อการพัฒนาที่ยั่งยืน,การพัฒนาภูมิอากาศสามารถสร้างโอกาสทางเศรษฐกิจและสังคมได้พร้อมกัน,0
161,B2060,นักวิจัยเสนอว่าเกษตรกรรมควรได้รับความสนใจจากภาครัฐเพื่อการพัฒนาที่ยั่งยืน,การพัฒนาภูมิอากาศสามารถสร้างโอกาสทางเศรษฐกิจและสังคมได้พร้อมกัน,0
162,B2061,นักวิจัยเสนอว่าพลังงานทางเลือกควรได้รับความสนใจจากภาครัฐเพื่อการพัฒนาที่ยั่งยืน,การพัฒนาเกษตรกรรมสามารถสร้างโอกาสทางเศรษฐกิจและสังคมได้พร้อมกัน,0
163,B2062,นักวิจัยเสนอว่าภูมิอากาศควรได้รับความสนใจจากภาครัฐเพื่อการพัฒนาที่ยั่งยืน,การพัฒนาเทคโนโลยี AIสามารถสร้างโอกาสทางเศรษฐกิจและสังคมได้พร้อมกัน,0
164,B2063,นักวิจัยเสนอว่าระบบการศึกษาควรได้รับความสนใจจากภาครัฐเพื่อการพัฒนาที่ยั่งยืน,การพัฒนาพลังงานทางเลือกสามารถสร้างโอกาสทางเศรษฐกิจและสังคมได้พร้อมกัน,0
165,B2064,นักวิจัยเสนอว่าเทคโนโลยี AIควรได้รับความสนใจจากภาครัฐเพื่อการพัฒนาที่ยั่งยืน,การพัฒนานโยบายรัฐบาลสามารถสร้างโอกาสทางเศรษฐกิจและสังคมได้พร้อมกัน,0
166,B2065,นักวิจัยเสนอว่าเกษตรกรรมควรได้รับความสนใจจากภาครัฐเพื่อการพัฒนาที่ยั่งยืน,การพัฒนาภูมิอากาศสามารถสร้างโอกาสทางเศรษฐกิจและสังคมได้พร้อมกัน,0
167,B2066,นักวิจัยเสนอว่าระบบการศึกษาควรได้รับความสนใจจากภาครัฐเพื่อการพัฒนาที่ยั่งยืน,การพัฒนาเทคโนโลยี AIสามารถสร้างโอกาสทางเศรษฐกิจและสังคมได้พร้อมกัน,0
168,B2067,นักวิจัยเสนอว่าเศรษฐกิจไทยควรได้รับความสนใจจากภาครัฐเพื่อการพัฒนาที่ยั่งยืน,การพัฒนาเทคโนโลยี AIสามารถสร้างโอกาสทางเศรษฐกิจและสังคมได้พร้อมกัน,0
169,B2068,นักวิจัยเสนอว่าสุขภาพจิตควรได้รับความสนใจจากภาครัฐเพื่อการพัฒนาที่ยั่งยืน,การพัฒนาเทคโนโลยี AIสามารถสร้างโอกาสทางเศรษฐกิจและสังคมได้พร้อมกัน,0
170,B2069,นักวิจัยเสนอว่าการเปลี่ยนแปลงสภาพภูมิอากาศควรได้รับความสนใจจากภาครัฐเพื่อการพัฒนาที่ยั่งยืน,การพัฒนาสิ่งแวดล้อมสามารถสร้างโอกาสทางเศรษฐกิจและสังคมได้พร้อมกัน,0
171,B2070,นักวิจัยเสนอว่าภูมิอากาศควรได้รับความสนใจจากภาครัฐเพื่อการพัฒนาที่ยั่งยืน,การพัฒนาเทคโนโลยี AIสามารถสร้างโอกาสทางเศรษฐกิจและสังคมได้พร้อมกัน,0
172,B2071,นักวิจัยเสนอว่าเศรษฐกิจไทยควรได้รับความสนใจจากภาครัฐเพื่อการพัฒนาที่ยั่งยืน,การพัฒนาพลังงานทางเลือกสามารถสร้างโอกาสทางเศรษฐกิจและสังคมได้พร้อมกัน,0
173,B2072,นักวิจัยเสนอว่านโยบายรัฐบาลควรได้รับความสนใจจากภาครัฐเพื่อการพัฒนาที่ยั่งยืน,การพัฒนาระบบการศึกษาสามารถสร้างโอกาสทางเศรษฐกิจและสังคมได้พร้อมกัน,0
174,B2073,นักวิจัยเสนอว่าเทคโนโลยี AIควรได้รับความสนใจจากภาครัฐเพื่อการพัฒนาที่ยั่งยืน,การพัฒนาระบบการศึกษาสามารถสร้างโอกาสทางเศรษฐกิจและสังคมได้พร้อมกัน,0
175,B2074,นักวิจัยเสนอว่าพลังงานทางเลือกควรได้รับความสนใจจากภาครัฐเพื่อการพัฒนาที่ยั่งยืน,การพัฒนาภูมิอากาศสามารถสร้างโอกาสทางเศรษฐกิจและสังคมได้พร้อมกัน,0
176,B2075,นักวิจัยเสนอว่าภูมิอากาศควรได้รับความสนใจจากภาครัฐเพื่อการพัฒนาที่ยั่งยืน,การพัฒนาสิ่งแวดล้อมสามารถสร้างโอกาสทางเศรษฐกิจและสังคมได้พร้อมกัน,0
177,B2076,นักวิจัยเสนอว่าระบบการศึกษาควรได้รับความสนใจจากภาครัฐเพื่อการพัฒนาที่ยั่งยืน,การพัฒนานโยบายรัฐบาลสามารถสร้างโอกาสทางเศรษฐกิจและสังคมได้พร้อมกัน,0
178,B2077,นักวิจัยเสนอว่าเทคโนโลยี AIควรได้รับความสนใจจากภาครัฐเพื่อการพัฒนาที่ยั่งยืน,การพัฒนาภูมิอากาศสามารถสร้างโอกาสทางเศรษฐกิจและสังคมได้พร้อมกัน,0
179,B2078,นักวิจัยเสนอว่าการเปลี่ยนแปลงสภาพภูมิอากาศควรได้รับความสนใจจากภาครัฐเพื่อการพัฒนาที่ยั่งยืน,การพัฒนาเทคโนโลยี AIสามารถสร้างโอกาสทางเศรษฐกิจและสังคมได้พร้อมกัน,0
180,B2079,นักวิจัยเสนอว่านโยบายรัฐบาลควรได้รับความสนใจจากภาครัฐเพื่อการพัฒนาที่ยั่งยืน,การพัฒนาสิ่งแวดล้อมสามารถสร้างโอกาสทางเศรษฐกิจและสังคมได้พร้อมกัน,0
181,B2080,นักวิจัยเสนอว่านโยบายรัฐบาลควรได้รับความสนใจจากภาครัฐเพื่อการพัฒนาที่ยั่งยืน,การพัฒนาเศรษฐกิจไทยสามารถสร้างโอกาสทางเศรษฐกิจและสังคมได้พร้อมกัน,0
182,B2081,นักวิจัยเสนอว่าพลังงานทางเลือกควรได้รับความสนใจจากภาครัฐเพื่อการพัฒนาที่ยั่งยืน,การพัฒนาเกษตรกรรมสามารถสร้างโอกาสทางเศรษฐกิจและสังคมได้พร้อมกัน,0
183,B2082,นักวิจัยเสนอว่านโยบายรัฐบาลควรได้รับความสนใจจากภาครัฐเพื่อการพัฒนาที่ยั่งยืน,การพัฒนาสิ่งแวดล้อมสามารถสร้างโอกาสทางเศรษฐกิจและสังคมได้พร้อมกัน,0
184,B2083,นักวิจัยเสนอว่าสุขภาพจิตควรได้รับความสนใจจากภาครัฐเพื่อการพัฒนาที่ยั่งยืน,การพัฒนาระบบการศึกษาสามารถสร้างโอกาสทางเศรษฐกิจและสังคมได้พร้อมกัน,0
185,B2084,นักวิจัยเสนอว่าพลังงานทางเลือกควรได้รับความสนใจจากภาครัฐเพื่อการพัฒนาที่ยั่งยืน,การพัฒนาเทคโนโลยี AIสามารถสร้างโอกาสทางเศรษฐกิจและสังคมได้พร้อมกัน,0
186,B2085,นักวิจัยเสนอว่าพลังงานทางเลือกควรได้รับความสนใจจากภาครัฐเพื่อการพัฒนาที่ยั่งยืน,การพัฒนาเทคโนโลยี AIสามารถสร้างโอกาสทางเศรษฐกิจและสังคมได้พร้อมกัน,0
187,B2086,นักวิจัยเสนอว่าเกษตรกรรมควรได้รับความสนใจจากภาครัฐเพื่อการพัฒนาที่ยั่งยืน,การพัฒนาสิ่งแวดล้อมสามารถสร้างโอกาสทางเศรษฐกิจและสังคมได้พร้อมกัน,0
188,B2087,นักวิจัยเสนอว่าเกษตรกรรมควรได้รับความสนใจจากภาครัฐเพื่อการพัฒนาที่ยั่งยืน,การพัฒนานโยบายรัฐบาลสามารถสร้างโอกาสทางเศรษฐกิจและสังคมได้พร้อมกัน,0
189,B2088,นักวิจัยเสนอว่าสุขภาพจิตควรได้รับความสนใจจากภาครัฐเพื่อการพัฒนาที่ยั่งยืน,การพัฒนาระบบการศึกษาสามารถสร้างโอกาสทางเศรษฐกิจและสังคมได้พร้อมกัน,0
190,B2089,นักวิจัยเสนอว่าภูมิอากาศควรได้รับความสนใจจากภาครัฐเพื่อการพัฒนาที่ยั่งยืน,การพัฒนาเศรษฐกิจไทยสามารถสร้างโอกาสทางเศรษฐกิจและสังคมได้พร้อมกัน,0
191,B2090,นักวิจัยเสนอว่านโยบายรัฐบาลควรได้รับความสนใจจากภาครัฐเพื่อการพัฒนาที่ยั่งยืน,การพัฒนาเศรษฐกิจไทยสามารถสร้างโอกาสทางเศรษฐกิจและสังคมได้พร้อมกัน,0
192,B2091,นักวิจัยเสนอว่าภูมิอากาศควรได้รับความสนใจจากภาครัฐเพื่อการพัฒนาที่ยั่งยืน,การพัฒนาการเปลี่ยนแปลงสภาพภูมิอากาศสามารถสร้างโอกาสทางเศรษฐกิจและสังคมได้พร้อมกัน,0
193,B2092,นักวิจัยเสนอว่าเทคโนโลยี AIควรได้รับความสนใจจากภาครัฐเพื่อการพัฒนาที่ยั่งยืน,การพัฒนาระบบการศึกษาสามารถสร้างโอกาสทางเศรษฐกิจและสังคมได้พร้อมกัน,0
194,B2093,นักวิจัยเสนอว่าสิ่งแวดล้อมควรได้รับความสนใจจากภาครัฐเพื่อการพัฒนาที่ยั่งยืน,การพัฒนาภูมิอากาศสามารถสร้างโอกาสทางเศรษฐกิจและสังคมได้พร้อมกัน,0
195,B2094,นักวิจัยเสนอว่าสุขภาพจิตควรได้รับความสนใจจากภาครัฐเพื่อการพัฒนาที่ยั่งยืน,การพัฒนาเทคโนโลยี AIสามารถสร้างโอกาสทางเศรษฐกิจและสังคมได้พร้อมกัน,0
196,B2095,นักวิจัยเสนอว่าเศรษฐกิจไทยควรได้รับความสนใจจากภาครัฐเพื่อการพัฒนาที่ยั่งยืน,การพัฒนาการเปลี่ยนแปลงสภาพภูมิอากาศสามารถสร้างโอกาสทางเศรษฐกิจและสังคมได้พร้อมกัน,0
197,B2096,นักวิจัยเสนอว่าสุขภาพจิตควรได้รับความสนใจจากภาครัฐเพื่อการพัฒนาที่ยั่งยืน,การพัฒนาเศรษฐกิจไทยสามารถสร้างโอกาสทางเศรษฐกิจและสังคมได้พร้อมกัน,0
198,B2097,นักวิจัยเสนอว่าเกษตรกรรมควรได้รับความสนใจจากภาครัฐเพื่อการพัฒนาที่ยั่งยืน,การพัฒนาเทคโนโลยี AIสามารถสร้างโอกาสทางเศรษฐกิจและสังคมได้พร้อมกัน,0
199,B2098,นักวิจัยเสนอว่าพลังงานทางเลือกควรได้รับความสนใจจากภาครัฐเพื่อการพัฒนาที่ยั่งยืน,การพัฒนาเทคโนโลยี AIสามารถสร้างโอกาสทางเศรษฐกิจและสังคมได้พร้อมกัน,0
200,B2099,นักวิจัยเสนอว่านโยบายรัฐบาลควรได้รับความสนใจจากภาครัฐเพื่อการพัฒนาที่ยั่งยืน,การพัฒนาระบบการศึกษาสามารถสร้างโอกาสทางเศรษฐกิจและสังคมได้พร้อมกัน,0
